{"cameraMode":{"drawMode":0,"name":"Shaded","section":"Shading Mode"},"sceneLighting":true,"audioPlay":false,"sceneViewState":{"m_AlwaysRefresh":false,"showFog":true,"showSkybox":true,"showFlares":true,"showImageEffects":true,"showParticleSystems":true,"showVisualEffectGraphs":true,"m_FxEnabled":true},"in2DMode":false,"pivot":{"x":-14.981258392333985,"y":17.119274139404298,"z":-5.018118858337402},"rotation":{"x":-0.07519509643316269,"y":0.37671607732772829,"z":-0.030698372051119806,"w":-0.9227611422538757},"size":12.747309684753418,"orthographic":false}