{"cameraMode":{"drawMode":0,"name":"Shaded","section":"Shading Mode"},"sceneLighting":true,"audioPlay":false,"sceneViewState":{"m_AlwaysRefresh":false,"showFog":true,"showSkybox":true,"showFlares":true,"showImageEffects":true,"showParticleSystems":true,"showVisualEffectGraphs":true,"m_FxEnabled":true},"in2DMode":false,"pivot":{"x":4.818343162536621,"y":-4.591139793395996,"z":-0.8731352090835571},"rotation":{"x":-0.06920193135738373,"y":-0.039795342832803729,"z":0.002767074853181839,"w":-0.9968268275260925},"size":22.504928588867189,"orthographic":false}